Workbook

Sheet Sheet1
A1: English | B1: UCP | C1: HT | D1: Annotations of UCPs | E1: PE | F1: Annotations of UCPs | G1: MT | H1: Annotations of UCPs | I1: comments on MT
A2: A thud. The thud. | B2: A thud. The thud. | C2: Un trompada. La trompada. | D2: R | E2: Un cop. El cop. | F2: R | G2: Un cop. El cop. | H2: R
A3: I stopped
A4: Stopped moving. Breathing. Thinking | B4: moving. Breathing.thinking | C4: de moure’m. De respirar. De pensar | D4: R | E4: de moure’m. De respirar. De pensar. | F4: R | G4: de moure’m. De respirar. De pensar. | H4: R
A5: All functions seem to shut down to divert resources to my eardrums | B5: shut down | C5: quedessin interrompudes | D5: R | E5: apagar-se | F5: R | G5: apagar-se | H5: R
B6: divert resources | C6: desviar els recursos | D6: R | E6: destinar tots els recursos | F6: R | G6: destinar tots els recursos | H6: R
A7: Overhead, there was a flurry of footsteps | B7: a flurry of footsteps | C7: enrenou de passes | D7: R | E7: corredisses | F7: R | G7: enrenou de passes | H7: R
A8: Someone on the second floor was running at a nauseating, inhuman speed. | B8: second floor | C8: segon pis | D8: R | E8: segon pis | F8: R | G8: segon pis | H8: R
A9: It was as though a magnet were attached to the soles of those feet, and the nickel in my scalp dragged me along for the ride | B9: attached | C9: enganxat | D9: R | E9: enganxat | F9: R | G9: lligat | H9: R
B10: the soles of those feet | C10: les soles d’aquelles sabates | D10: R | E10: la sola | F10: R | G10: la sola d'aquells peus | H10: R
B11: nickel in my scalp | C11: el níquel de la meva closca | D11: R | E11: el níquel que tenia al cuir cabellut | F11: R | G11: el níquel del meu cuir cabellut | H11: R
B12: dragged me along for the ride | C12: m’hi arrossegués al darrere | D12: R | E12: arrossegant-me pel níquel… | F12: R | G12: m'arrossegués amb ell | H12: R
A13: past the wall of our composites, under the poorly plastered crack in the ceiling, and finally, to the place between the coat closet and the louvered kitchen doors where the footsteps stopped and so did I | B13: our composites | C13: retrats | D13: R | E13: fotos | F13: R | G13: fotografies de grup | H13: R
B14: poorly plasered crack | C14: l’esquerda mal adobada | D14: R | E14: l'esquerda mal enguixada | F14: R | G14: l'esquerda mal enguixada | H14: R
B15: the coat closet | C15: l'armari dels abrics | D15: R | E15: l'armari dels abrics | F15: R | G15: l'armari dels abrics | H15: R
B16: the louvered kitchen doors | C16: les portes de llibret de la cuina | D16: R | E16: les portes de llibret de la cuina | F16: R | G16: les portes enreixades de la cuina | H16: R | I16: "Enreixades" does not mean the same. In fact, it would be really strange to have these kind of doors in the kitchen.
A17: I was standing in the shadow of the main stairwell, facing the double front doors approximately thirteen feet and two inches in front of me | B17: the main stairwell | C17: l'escala | D17: R | E17: l'escala principal | F17: R | G17: l'escala principal | H17: R
B18: the double front doors | C18: porta d'entrada de dues ventalles | D18: R | E18: portes dobles de l'entrada | F18: R | G18: portes dobles d'entrada | H18: R | I18: There is an article missing: portes dobles de l'entrada. If we don't have the article then it seems a telegraphic phrase.
B19: thirteen feet and two inches | C19: quatre metres i deu centímetres | D19: CSM | E19: quatre metres i deu centímetres | F19: CSM | G19: tretze peus i dues polzades | H19: R
A20: I guessed fifteen feet, but when the detective measured no more than an hour later, I found I’d ever so slightly overshot the distance between us. | B20: fifteen feet | C20: quatre metres i mig | D20: CSM | E20: quatre metres i mig | F20: CSM | G20: quinze peus | H20: R
B21: ever so slightly | C21: res, una mica de no res | D21: CSM | E21: lleugerament | F21: R | G21: lleugerament | H21: R
B22: overshot | C22: sobreestimat | D22: R | E22: sobreestimat | F22: R | G22: excedit | H22: R
C25: CSM | D25: =COUNTIF(D$2:D$22, "CSM") -> 3 | E25: CSM | F25: =COUNTIF(F$2:F$22, "CSM") -> 2 | G25: CSM | H25: =COUNTIF(H$2:H$22, "CSM") -> 0
C26: CSC | D26: =COUNTIF(D$2:D$22, "CSC") -> 0 | E26: CSC | F26: =COUNTIF(F$2:F$22, "CSC") -> 0 | G26: CSC | H26: =COUNTIF(H$2:H$22, "CSC") -> 0
C27: CSA | D27: =COUNTIF(D$2:D$22, "CSA") -> 0 | E27: CSA | F27: =COUNTIF(F$2:F$22, "CSA") -> 0 | G27: CSA | H27: =COUNTIF(H$2:H$22, "CSA") -> 0
C28: R | D28: =COUNTIF(D$2:D$22, "R") -> 17 | E28: R | F28: =COUNTIF(F$2:F$22, "R") -> 18 | G28: R | H28: =COUNTIF(H$2:H$22, "R") -> 20
C29: O | D29: =COUNTIF(D$2:D$22, "O") -> 0 | E29: O | F29: =COUNTIF(F$2:F$22, "O") -> 0 | G29: O | H29: =COUNTIF(H$2:H$22, "O") -> 0
C31: total CS | D31: =SUM(D25:D27) -> 3 | E31: total CS | F31: =SUM(F25:F27) -> 2 | G31: total CS | H31: =SUM(H25:H27) -> 0
C32: total | D32: =SUM(D25:D29) -> 20 | E32: total | F32: =SUM(F25:F29) -> 20 | G32: total | H32: =SUM(H25:H29) -> 20
C35: HT | E35: PE | G35: MT

Sheet Overview
B2: HT | C2: PE | D2: MT
A3: CSM | B3: =COUNTIF(Sheet1!$D$2:$D$37, "CSM") -> 3 | C3: =COUNTIF(Sheet1!$F$2:$F$37, "CSM") -> 2 | D3: =COUNTIF(Sheet1!$H$2:$H$37, "CSM") -> 0
A4: CSA | B4: =COUNTIF(Sheet1!$D$2:$D$37, "CSA") -> 0 | C4: =COUNTIF(Sheet1!$F$2:$F$37, "CSa") -> 0 | D4: =COUNTIF(Sheet1!$H$2:$H$37, "CSA") -> 0
A5: CSC | B5: =COUNTIF(Sheet1!$D$2:$D$37, "CSC") -> 0 | C5: =COUNTIF(Sheet1!$F$2:$F$37, "CSc") -> 0 | D5: =COUNTIF(Sheet1!$H$2:$H$37, "CSC") -> 0
A6: All CS | B6: =SUM(B3:B5) -> 3 | C6: =SUM(C3:C5) -> 2 | D6: =SUM(D3:D5) -> 0
A7: Reproduction | B7: =COUNTIF(Sheet1!$D$2:$D$37, "R") -> 17 | C7: =COUNTIF(Sheet1!$F$2:$F$37, "R") -> 18 | D7: =COUNTIF(Sheet1!$H$2:$H$37, "R") -> 20
A9: Total | B9: =SUM(B6:B7) -> 20 | C9: =SUM(C6:C7) -> 20 | D9: =SUM(D6:D7) -> 20
A11: #Errors | B11: 3 | C11: 11 | D11: 18
A12: #Errorpoints | B12: 3 | C12: 11 | D12: 22
A13: Kudos | B13: 0 | C13: 0 | D13: 0
A14: #Words | B14: 154 | C14: 154 | D14: 154
A16: CI | B16: =((B6/B9)-((B12-B13)/B14))*100 -> 13.051948 | C16: =((C6/C9)-((C12-C13)/C14))*100 -> 2.8571429 | D16: =((D6/D9)-((D12-D13)/D14))*100 -> -14.285714
