Workbook

Sheet Sheet1
A1: English | C1: HT | D1: Annotations of UCPs | E1: PE | F1: Annotations of UCPs | G1: MT | H1: Annotations of UCPs
A2: The day is fresh-washed and fair, and there is a smell of tulips and narcissus in the air. | B2: fresh-washed | C2: kraakschoon | D2: CSM | E2: frisgewassen | F2: R | G2: pas gewassen | H2: R
B3: fair | C3: licht | D3: CSM | E3: fraai | F3: R | G3: helder en fris | H3: CSM
B4: fair … air | C4: licht … lucht | D4: CSM | E4: fraai … lucht | F4: R | G4: fris … narcis | H4: CSM
B5: there is a smell … in the air | C5: er hangt een geur … in de lucht | D5: R | E5: er hangt een geur … in de lucht | F5: R | G5: de lucht geurt naar … | H5: R
A6: The sunshine pours in at the bath-room window and bores through the water in the bath-tub in lathes and planes of greenish-white. | B6: pours | C6: stroomt | D6: R | E6: klatert | F6: CSM | G6: stroomt | H6: R
B7: bores through | C7: dringt door … in | D7: CSM | E7: boort zich in | F7: R | G7: boort zich in | H7: R
B8: lathes | C8: balken | D8: R | E8: lagen | F8: R | G8: banen | H8: R
B9: lathes and planes | C9: balken en vlakken | D9: CSM | E9: lagen en vlakken | F9: R | G9: banen en vlakken | H9: R
A10: It cleaves the water into flaws like a jewel, and cracks it to bright light. | B10: cleaves | C10: splijt | D10: R | E10: klieft | F10: R | G10: snijdt | H10: R
B11: flaws | D11: O | E11: breuken | F11: R | G11: barsten | H11: R
B12: cracks it to | C12: breekt … in | D12: R | E12: splijt | F12: R | G12: doet het oplichten | H12: CSA
B13: bright light | C13: facetten van helder licht | D13: CSC | E13: stralend licht | F13: R | G13: flarden licht | H13: R
A14: Little spots of sunshine lie on the surface of the water and dance, dance, and their reflections wobble deliciously over the ceiling; | B14: little splots of sunshine | C14: kleine vlekjes zonlicht | D14: CSM | E14: vlekjes zon | F14: CSA | G14: kleine zonnevlekken | H14: R
B15: wobble deliciously | C15: wiegelen heerlijk | D15: CSM | E15: wiegelen heerlijk | F15: CSM | G15: zalig wiebelen | H15: R
A16: a stir of my finger sets them whirring, reeling. | B16: whirring | C16: tollen … in het rond | D16: CSC | E16: rollen | F16: R | G16: tollen | H16: R
B17: reeling | C17: zwieren … in het rond | D17: CSC | E17: tollen rond | F17: CSC | G17: tollen | H17: R
A18: I move a foot and the planes of light in the water jar. | B18: planes of light | C18: lichtvlakken | D18: R | E18: lichtvlakken | F18: R | G18: lichtvlakken | H18: R
B19: jar | C19: worden verstoord | D19: R | E19: zet … (in het waterbassin) in beweging | F19: CSM | G19: schokken uiteen | H19: CSC
A20: I lie back and laugh, and let the green-white water, the sun-flawed beryl water, flow over me. | B20: sun-flawed | C20: door de zon gefacetteerde | D20: CSC | E20: het zongebroken | F20: R | G20: zongebroken | H20: R
B21: beryl water | C21: berilwater | D21: R | E21: berylwater | F21: R | G21: berylgroen water | H21: CSC
A22: The day is almost too bright to bear, the green water covers me from the too bright day. | B22: too bright to bear | C22: te helder om te verdragen | D22: R | E22: onverdraaglijk stralend | F22: CSM | G22: te stralend om te verdragen | H22: R
B23: covers | C23: schermt me af | D23: R | E23: beschut | F23: CSC | G23: bedekt | H23: R
A24: I will lie here awhile and play with the water and the sun spots. | B24: the sun spots | C24: de zonnevlekjes | D24: R | E24: de zonnevlekken | F24: R | G24: zonnevlekken | H24: R
A25: The sky is blue and high.
A26: A crow flaps by the window, and there is a whiff of tulips and narcissus in the air. | B26: flaps | C26: klapwiekt | D26: CSM | E26: wiekt | F26: CSM | G26: flapt | H26: R

Sheet CI_new
B2: HT | C2: PE | D2: MT
A3: CSM | B3: =COUNTIF(Sheet1!$D$2:$D$37, "CSM") -> 8 | C3: =COUNTIF(Sheet1!$F$2:$F$37, "CSM") -> 5 | D3: =COUNTIF(Sheet1!$H$2:$H$37, "CSM") -> 2
A4: CSA | B4: =COUNTIF(Sheet1!$D$2:$D$37, "CSA") -> 0 | C4: =COUNTIF(Sheet1!$F$2:$F$37, "CSa") -> 1 | D4: =COUNTIF(Sheet1!$H$2:$H$37, "CSA") -> 1
A5: CSC | B5: =COUNTIF(Sheet1!$D$2:$D$37, "CSC") -> 4 | C5: =COUNTIF(Sheet1!$F$2:$F$37, "CSc") -> 2 | D5: =COUNTIF(Sheet1!$H$2:$H$37, "CSC") -> 2
A6: All CS | B6: =SUM(B3:B5) -> 12 | C6: =SUM(C3:C5) -> 8 | D6: =SUM(D3:D5) -> 5
A7: Reproduction | B7: =COUNTIF(Sheet1!$D$2:$D$37, "R") -> 11 | C7: =COUNTIF(Sheet1!$F$2:$F$37, "R") -> 16 | D7: =COUNTIF(Sheet1!$H$2:$H$37, "R") -> 19
A9: Total | B9: =SUM(B6:B7) -> 23 | C9: =SUM(C6:C7) -> 24 | D9: =SUM(D6:D7) -> 24
A11: #Errors | B11: 3 | C11: 8 | D11: 16
A12: #Errorpoints | B12: 3 | C12: 8 | D12: 48
A13: Kudos | B13: 3 | C13: 4 | D13: 1
A14: #Words | B14: 173 | C14: 173 | D14: 173
A16: CI | B16: =((B6/B9)-((B12-B13)/B14))*100 -> 52.173913 | C16: =((C6/C9)-((C12-C13)/C14))*100 -> 31.021195 | D16: =((D6/D9)-((D12-D13)/D14))*100 -> -6.3342967

Sheet Old
B1: HT | C1: PE | D1: MT
A2: CSM | B2: =COUNTIF(Sheet1!$D$2:$D$37, "CSM") -> 8 | C2: =COUNTIF(Sheet1!$F$2:$F$37, "CSM") -> 5 | D2: =COUNTIF(Sheet1!$H$2:$H$37, "CSM") -> 2
A3: CSA | B3: =COUNTIF(Sheet1!$D$2:$D$37, "CSA") -> 0 | C3: =COUNTIF(Sheet1!$F$2:$F$37, "CSa") -> 1 | D3: =COUNTIF(Sheet1!$H$2:$H$37, "CSA") -> 1
A4: CSC | B4: =COUNTIF(Sheet1!$D$2:$D$37, "CSC") -> 4 | C4: =COUNTIF(Sheet1!$F$2:$F$37, "CSc") -> 2 | D4: =COUNTIF(Sheet1!$H$2:$H$37, "CSC") -> 2
A5: All CS | B5: =SUM(B2:B4) -> 12 | C5: =SUM(C2:C4) -> 8 | D5: =SUM(D2:D4) -> 5
A6: Reproduction | B6: =COUNTIF(Sheet1!$D$2:$D$37, "R") -> 11 | C6: =COUNTIF(Sheet1!$F$2:$F$37, "R") -> 16 | D6: =COUNTIF(Sheet1!$H$2:$H$37, "R") -> 19
A8: Total | B8: =SUM(B5:B6) -> 23 | C8: =SUM(C5:C6) -> 24 | D8: =SUM(D5:D6) -> 24
A10: #Errors | B10: 2 | C10: 9 | D10: 33
A11: #Errorpoints | B11: 2 | C11: 9 | D11: 37
A12: Kudos | B12: 1 | C12: 1 | D12: 0
A13: #Words | B13: 173 | C13: 173 | D13: 173
A15: CI | B15: =((B5/B8)-((B11-B12)/B13))*100 -> 51.595878 | C15: =((C5/C8)-((C11-C12)/C13))*100 -> 28.709056 | D15: =((D5/D8)-((D11-D12)/D13))*100 -> -0.5539499
