Workbook

Sheet Sheet1
A1: English | B1: UCP | C1: HT | D1: Annotations of UCPs | E1: PE | F1: Annotations of UCPs | G1: MT | H1: Annotations of UCPs
A2: A thud. The thud. | B2: A thud. The thud. | C2: Een bonk. De bonk. | D2: CSM | E2: Een dreun. Dé dreun | F2: R | G2: Een dreun. Dé dreun. | H2: R
A3: I stopped
A4: Stopped moving. Breathing. Thinking | B4: moving. Breathing.thinking | C4: met bewegen. Met ademen. Met denken. | D4: R | E4: met bewegen. Met ademen. Met denken | F4: R | G4: met bewegen. Met ademen. Met denken. | H4: R
A5: All functions seem to shut down to divert resources to my eardrums | B5: shut down | C5: op pauze te gaan | D5: CSC | E5: uit te vallen | F5: R | G5: Alles viel stil | H5: CSA
B6: divert resources | C6: hun vermogen … te sturen | D6: R | E6: de vrijgekomen energie zich kon concentreren | F6: CSC | G6: alsof mijn hele lichaam …. Alleen | H6: CSC
A7: Overhead, there was a flurry of footsteps | B7: a flurry of footsteps | C7: een wirwar van voetstappen | D7: CSA | E7: geroffel van voetstappen | F7: CSA | G7: voetstappen--een razende stroom | H7: CSA
A8: Someone on the second floor was running at a nauseating, inhuman speed. | B8: second floor | C8: eerste verdieping | D8: CSM | E8: eerste verdieping | F8: CSM | G8: tweede verdieping | H8: R
A9: It was as though a magnet were attached to the soles of those feet, and the nickel in my scalp dragged me along for the ride | B9: attached | C9: hadden | D9: CSM | E9: vastzat | F9: R | G9: vastzat | H9: R
B10: the soles of those feet | C10: de schoenzolen … in de hakken | D10: CSC | E10: die voeten | F10: R | G10: die voeten | H10: R
B11: nickel in my scalp | C11: een muntje in mijn hoofdhuid | D11: CSM | E11: het ijzer in mijnbloed | F11: R | G11: het ijzer in mijn bloed | H11: R
B12: dragged me along for the ride | C12: meegetrokken | D12: R | E12: erachteraan trok | F12: R | G12: erachteraan trok | H12: R
A13: past the wall of our composites, under the poorly plastered crack in the ceiling, and finally, to the place between the coat closet and the louvered kitchen doors where the footsteps stopped and so did I | B13: our composites | C13: montagefoto's | D13: CSM | E13: groepsfoto's | F13: R | G13: groepsfoto's | H13: R
B14: poorly plasered crack | C14: slecht geplamuurde barst | D14: R | E14: de slordig dichtgeplamuurde scheur | F14: R | G14: de scheur in het plafond die slordig was dichtgeplamuurd | H14: R
B15: the coat closet | C15: de garderobe voor jassen | D15: R | E15: halkast | F15: CSA | G15: kapstok | H15: CSC
B16: the louvered kitchen doors | C16: saloondeurtjes | D16: CSC | E16: keukenluiken | F16: R | G16: keukenluiken | H16: R
A17: I was standing in the shadow of the main stairwell, facing the double front doors approximately thirteen feet and two inches in front of me | B17: the main stairwell | C17: hoofdtrappenhuis | D17: CSM | E17: hoofdtrap | F17: R | G17: hoofdtrap | H17: R
B18: the double front doors | C18: dubbele voordeur | D18: R | E18: dubbele voordeur | F18: R | G18: dubbele voordeur | H18: R
B19: thirteen feet and two inches | C19: vier meter en één centimeter | D19: R | E19: vier meter | F19: R | G19: vier meter | H19: R
A20: I guessed fifteen feet, but when the detective measured no more than an hour later, I found I’d ever so slightly overshot the distance between us. | B20: fifteen feet | C20: vierenhalve meter | D20: CSM | E20: vijf | F20: CSM | G20: vijf | H20: CSM
B21: ever so slightly | C21: een fractie | D21: CSM | E21: net iets | F21: R | G21: net iets | H21: R
B22: overshot | C22: te ruim had ingeschat | D22: R | E22: te groot had ingeschat | F22: R | G22: te groot had ingeschat | H22: R

Sheet CI_new
B1: HT | C1: PE | D1: MT
A2: CSM | B2: =COUNTIF(Sheet1!$D$2:$D$37, "CSM") -> 8 | C2: =COUNTIF(Sheet1!$F$2:$F$37, "CSM") -> 2 | D2: =COUNTIF(Sheet1!$H$2:$H$37, "CSM") -> 1
A3: CSA | B3: =COUNTIF(Sheet1!$D$2:$D$37, "CSA") -> 1 | C3: =COUNTIF(Sheet1!$F$2:$F$37, "CSa") -> 2 | D3: =COUNTIF(Sheet1!$H$2:$H$37, "CSA") -> 2
A4: CSC | B4: =COUNTIF(Sheet1!$D$2:$D$37, "CSC") -> 3 | C4: =COUNTIF(Sheet1!$F$2:$F$37, "CSc") -> 1 | D4: =COUNTIF(Sheet1!$H$2:$H$37, "CSC") -> 2
A5: All CS | B5: =SUM(B2:B4) -> 12 | C5: =SUM(C2:C4) -> 5 | D5: =SUM(D2:D4) -> 5
A6: Reproduction | B6: =COUNTIF(Sheet1!$D$2:$D$37, "R") -> 8 | C6: =COUNTIF(Sheet1!$F$2:$F$37, "R") -> 15 | D6: =COUNTIF(Sheet1!$H$2:$H$37, "R") -> 15
A8: Total | B8: =SUM(B5:B6) -> 20 | C8: =SUM(C5:C6) -> 20 | D8: =SUM(D5:D6) -> 20
A10: #Errors | B10: 6 | C10: 11 | D10: 9
A11: #Errorpoints | B11: 6 | C11: 18 | D11: 29
A12: Kudos | B12: 1 | C12: 0 | D12: 1
A13: #Words | B13: 154 | C13: 154 | D13: 154
A15: CI | B15: =((B5/B8)-((B11-B12)/B13))*100 -> 56.753247 | C15: =((C5/C8)-((C11-C12)/C13))*100 -> 13.311688 | D15: =((D5/D8)-((D11-D12)/D13))*100 -> 6.8181818

Sheet Overview_old
B2: HT | C2: PE | D2: MT
A3: CSM | B3: =COUNTIF(Sheet1!$D$2:$D$37, "CSM") -> 8 | C3: =COUNTIF(Sheet1!$F$2:$F$37, "CSM") -> 2 | D3: =COUNTIF(Sheet1!$H$2:$H$37, "CSM") -> 1
A4: CSA | B4: =COUNTIF(Sheet1!$D$2:$D$37, "CSA") -> 1 | C4: =COUNTIF(Sheet1!$F$2:$F$37, "CSa") -> 2 | D4: =COUNTIF(Sheet1!$H$2:$H$37, "CSA") -> 2
A5: CSC | B5: =COUNTIF(Sheet1!$D$2:$D$37, "CSC") -> 3 | C5: =COUNTIF(Sheet1!$F$2:$F$37, "CSc") -> 1 | D5: =COUNTIF(Sheet1!$H$2:$H$37, "CSC") -> 2
A6: All CS | B6: =SUM(B3:B5) -> 12 | C6: =SUM(C3:C5) -> 5 | D6: =SUM(D3:D5) -> 5
A7: Reproduction | B7: =COUNTIF(Sheet1!$D$2:$D$37, "R") -> 8 | C7: =COUNTIF(Sheet1!$F$2:$F$37, "R") -> 15 | D7: =COUNTIF(Sheet1!$H$2:$H$37, "R") -> 15
A9: Total | B9: =SUM(B6:B7) -> 20 | C9: =SUM(C6:C7) -> 20 | D9: =SUM(D6:D7) -> 20
A11: #Errors | B11: 3 | C11: 11 | D11: 18
A12: #Errorpoints | B12: 3 | C12: 11 | D12: 22
A13: Kudos | B13: 0 | C13: 0 | D13: 0
A14: #Words | B14: 154 | C14: 154 | D14: 154
A16: CI | B16: =((B6/B9)-((B12-B13)/B14))*100 -> 58.051948 | C16: =((C6/C9)-((C12-C13)/C14))*100 -> 17.857143 | D16: =((D6/D9)-((D12-D13)/D14))*100 -> 10.714286
