Workbook

Sheet Sheet1
A1: English | C1: HT | D1: Annotations of UCPs | E1: PE | F1: Annotations of UCPs | G1: Comments on PE | H1: MT | I1: Annotations of UCPs | J1: Comments on MT
A2: The day is fresh-washed and fair, and there is a smell of tulips and narcissus in the air. | B2: fresh-washed | C2: fresc | D2: R | E2: clar | F2: R | H2: rentat de nou | I2: R
B3: fair | C3: radiant | D3: R | E3: immaculat | F3: R | H3: clar | I3: R
B4: fair … air | C4: radiant… fragrant | D4: CSM | E4: flaire … l'aire | F4: CSM | I4: O
B5: there is a smell … in the air | C5: (i la tulipa i el narcís) omplen l’aire fragant. | D5: CSM | E5: i flaire ... a l’aire. | F5: R | H5: i l’aire fa olor… | I5: R
A6: The sunshine pours in at the bath-room window and bores through the water in the bath-tub in lathes and planes of greenish-white. | B6: pours | C6: a doll | D6: CSM | E6: a raig | F6: CSM | H6: a raig | I6: CSM
B7: bores through | C7: s'obre pas | D7: CSM | E7: perfora | F7: R | H7: forada | I7: R
B8: lathes | C8: sanefes | D8: CSA | E8: làmines | F8: R | H8: làmines | I8: R
B9: lathes and planes | D9: O | E9: làmines i volutes | F9: R | H9: làmines i plans | I9: R | J9: It doesn't make sense.
A10: It cleaves the water into flaws like a jewel, and cracks it to bright light. | B10: cleaves | C10: solca | D10: R | E10: l'esquerda | F10: R | H10: l'esberla | I10: R
B11: flaws | C11: imperfeccions | D11: R | F11: O | I11: O
B12: cracks it to | C12: hi obri esquerdes | D12: R | E12: clivella | F12: R | H12: clivella | I12: R
B13: bright light | C13: fulgor esplendorós | D13: CSC | E13: centelles de llum | F13: CSM | H13: llum viva | I13: R
A14: Little spots of sunshine lie on the surface of the water and dance, dance, and their reflections wobble deliciously over the ceiling; | B14: little spots of sunshine | C14: tot de centelles | D14: CSM | E14: tot de volves menudes de sol | F14: CSM | H14: pètals menuts de sol | I14: CSM
B15: wobble deliciously | C15: balanceig deliciós | D15: R | E15: capcinegen delitosament | F15: R | H15: tremolen delitós | I15: R | J15: In fact, there is no concordance between the verb and its complement, so even though the meaning is correct, there is a grammar error.
A16: a stir of my finger sets them whirring, reeling. | B16: whirring | C16: titil·lant | D16: R | E16: les faig girar | F16: CSC | H16: els faig giravoltar | I16: CSC
B17: reeling | C17: tremolós | D17: R | E17: s'arremolinen | F17: CSC | H17: vacil·lar | I17: R
A18: I move a foot and the planes of light in the water jar. | B18: planes of light | C18: sanefes de llum | D18: CSM | E18: làmines de llum | F18: R | H18: plans de llum | I18: R
B19: jar | C19: trontollen | D19: R | E19: entrexoquen | F19: R | H19: trontollen | I19: R
A20: I lie back and laugh, and let the green-white water, the sun-flawed beryl water, flow over me. | B20: sun-flawed | C20: marcat de sol | D20: CSM | E20: esquerdada de sol | F20: CSM | H20: esberlada de sol | I20: CSM
B21: beryl water | C21: l'aigua de beril | D21: R | E21: l'aigua de brillant o de maragda | F21: CSC | G21: I'm not sure whether to consider it as a creative shift or an error. It seems that the machine doesn't produce a concrete solution but provides two options of '"beryl". | H21: l'aigua d'esmaragda | I21: R
A22: The day is almost too bright to bear, the green water covers me from the too bright day. | B22: too bright to bear | C22: enlluerna de tan radiant | D22: CSM | E22: tan radiant que costa d'aguantar | F22: R | H22: gairebé massa radiant per suportar | I22: R | J22: Grammatically incorrect, but the translation meaning could be a reproduction.
B23: covers | C23: em tapa | D23: R | E23: em protegeix | F23: CSC | H23: m'amaga | I23: CSC
A24: I will lie here awhile and play with the water and the sun spots. | B24: the sun spots | C24: el sol centellejant | D24: CSM | E24: volvetes de sol | F24: CSM | H24: taques de sol | I24: R | J24: I think the translation of "spot" is too literal, but it could fit in a poem.
A25: The sky is blue and high.
A26: A crow flaps by the window, and there is a whiff of tulips and narcissus in the air. | B26: flaps | C26: passa esbategant les ales | D26: CSC | E26: bat les ales | F26: R | H26: fueteja l'aire | I26: CSM
C30: CSM | D30: =COUNTIF(D$2:D$26, "CSM") -> 9 | E30: CSM | F30: =COUNTIF(F$2:F$26, "CSM") -> 6 | H30: CSM | I30: =COUNTIF(I$2:I$26, "CSM") -> 4
C31: CSC | D31: =COUNTIF(D$2:D$26, "CSC") -> 2 | E31: CSC | F31: =COUNTIF(F$2:F$26, "CSC") -> 4 | H31: CSC | I31: =COUNTIF(I$2:I$26, "CSC") -> 2
C32: CSA | D32: =COUNTIF(D$2:D$26, "CSA") -> 1 | E32: CSA | F32: =COUNTIF(F$2:F$26, "CSA") -> 0 | H32: CSA | I32: =COUNTIF(I$2:I$26, "CSA") -> 0
C33: R | D33: =COUNTIF(D$2:D$26, "R") -> 11 | E33: R | F33: =COUNTIF(F$2:F$26, "R") -> 13 | H33: R | I33: =COUNTIF(I$2:I$26, "R") -> 16
C34: O | D34: =COUNTIF(D$2:D$26, "O") -> 1 | E34: O | F34: =COUNTIF(F$2:F$26, "O") -> 1 | H34: O | I34: =COUNTIF(I$2:I$26, "O") -> 2
C36: total CS | D36: =SUM(D30:D32) -> 12 | E36: total CS | F36: =SUM(F30:F32) -> 10 | H36: total CS | I36: =SUM(I30:I32) -> 6
C37: total | D37: =SUM(D30:D34) -> 24 | E37: total | F37: =SUM(F30:F34) -> 24 | H37: total | I37: =SUM(I30:I34) -> 24

Sheet Sheet2
B2: HT | C2: PE | D2: MT
A3: CSM | B3: =COUNTIF(Sheet1!$D$2:$D$37, "CSM") -> 9 | C3: =COUNTIF(Sheet1!$F$2:$F$37, "CSM") -> 6 | D3: =COUNTIF(Sheet1!$I$2:$I$37, "CSM") -> 4
A4: CSA | B4: =COUNTIF(Sheet1!$D$2:$D$37, "CSA") -> 1 | C4: =COUNTIF(Sheet1!$F$2:$F$37, "CSa") -> 0 | D4: =COUNTIF(Sheet1!$I$2:$I$37, "CSA") -> 0
A5: CSC | B5: =COUNTIF(Sheet1!$D$2:$D$37, "CSC") -> 2 | C5: =COUNTIF(Sheet1!$F$2:$F$37, "CSc") -> 4 | D5: =COUNTIF(Sheet1!$I$2:$I$37, "CSC") -> 2
A6: All CS | B6: =SUM(B3:B5) -> 12 | C6: =SUM(C3:C5) -> 10 | D6: =SUM(D3:D5) -> 6
A7: Reproduction | B7: =COUNTIF(Sheet1!$D$2:$D$37, "R") -> 11 | C7: =COUNTIF(Sheet1!$F$2:$F$37, "R") -> 13 | D7: =COUNTIF(Sheet1!$I$2:$I$37, "R") -> 16
A9: Total | B9: 24 | C9: 24 | D9: 24
A11: #Errors | B11: 9 | C11: 7 | D11: 16
A12: #Errorpoints | B12: 9 | C12: 11 | D12: 36
A13: Kudos | B13: 2 | C13: 0 | D13: 0
A14: #Words | B14: 173 | C14: 173 | D14: 173
A16: CI | B16: =((B6/B9)-((B12-B13)/B14))*100 -> 45.953757 | C16: =((C6/C9)-((C12-C13)/C14))*100 -> 35.308285 | D16: =((D6/D9)-((D12-D13)/D14))*100 -> 4.1907514
