Workbook

Sheet Sheet1
A1: English | C1: HT | D1: Annotations of UCPs | E1: PE | F1: Annotations of UCPs | G1: MT | H1: Annotations of UCPs
A2: Afternoon in Summer
A3: He became aware that Sally had emerged from her book and was about to say something. | B3: became aware | C3: merkte | D3: R | E3: merkte | F3: R | G3: merkte | H3: R
B4: Sally | C4: Sally | D4: R | E4: Sally | F4: R | G4: Sally | H4: R
B5: had emerged | C5: tevoorschijn was gekomen | D5: R | E5: uit …opkeek | F5: CSC | G5: opgedoken | H5: R
A6: “Murder is an occupational risk for prostitutes.” | B6: murder | C6: Vermoord worden | D6: CSC | E6: Vermoord worden | F6: CSC | G6: moord | H6: R
A7: “Hmm,” said he, clinging to the thread of his calculations. | B7: clinging to the thread | C7: probeerde hij de draad van zijn berekeningen te volgen | D7: CSM | E7: hij probeerde de draad van zijn berekeningen vast te houden | F7: R | G7: vastklampte aan de draad van zijn berekeningen | H7: R
A8: They grew so engrossing that when next she spoke it took him by surprise. | B8: grew … engrossing | C8: zo ingespannen … dat | D8: CSM | E8: namen hem zo in beslag | F8: R | G8: werden zo meeslepend | H8: R
B9: when next | C9: toen ze weer | D9: CSM | E9: toen ze weer | F9: R | G9: haar volgende opmerking | H9: CSM
B10: took him by surprise | C10: hij opschrok | D10: CSM | E10: hij opschrok | F10: CSM | G10: hem overviel | H10: R
A11: “And for wives, too—though not so much.” | B11: wives | C11: echtgenotes | D11: R | E11: echtgenotes | F11: R | G11: echtgenotes | H11: R
B12: not so much | C12: al is het wat minder | D12: CSM | E12: iets minder | F12: R | G12: al wat minder | H12: R
A13: Inwardly assenting, Willie asked, | B13: Inwardly assneting | C13: stilzwijgend moest … beamen | D13: CSM | E13: inwendig gelijkgevend | F13: R | G13: vanbinnen gaf … gelijk | H13: R
B14: Willie | C14: Willie | D14: R | E14: Willie | F14: R | G14: Willie | H14: R
A15: “What on earth are you reading now?” | B15: on earth | C15: in hemelsnaam | D15: CSM | E15: nou | F15: CSA | G15: nou | H15: CSA
A16: “A book about all the murders committed in the last thirty years.
A17: I got it from the public library.” | B17: got | C17: Geleend | D17: CSC | E17: heb | F17: R | G17: gehaald | H17: R
B18: public library | C18: bibliotheek | D18: CSM | E18: bibliotheek | F18: CSM | G18: openbare bibliotheek | H18: R
A19: “Is it interesting?”
A20: “Yes. In rather a stark way. | B20: rather | C20: heel | D20: CSM | E20: nogal | F20: R | G20: vrij | H20: R
B21: stark | C21: kaal | D21: R | E21: droge | F21: CSA | G21: kale | H21: R
A22: Just facts and sentences.”
A23: “Sounds enthralling.” | B23: enthralling | C23: betoverend | D23: CSM | E23: boeiend | F23: CSM | G23: meeslepend | H23: R
A24: “But murder is not so much of an occupational risk for murderers. | B24: not so much | C24: veel minder | D24: R | E24: niet echt | F24: R | G24: niet echt | H24: R
A25: I mean, they mostly aren’t hanged. | B25: I mean | C25: ik bedoel | D25: R | E25: ik bedoel | F25: R | G25: ik bedoel | H25: R
B26: hanged | C26: worden … opgehangen | D26: R | E26: worden …opgehangen | F26: R | G26: worden … opgehangen | H26: R
A27: Of course, that’s a good thing.” | B27: Of course, that’s a good thing.” | C27: Wat natuurlijk goed is | D27: R | E27: wat natuurlijk maar goed ook is | F27: CSM | G27: wat natuurlijk maar goed is | H27: R
A28: He looked at Sally’s sleek flaxen hair, now bent over her book again. | B28: sleek flaxen hair | C28: sluike lichtblonde haar | D28: CSA | E28: gladde vlasblonde haar | F28: R | G28: gladde vlasblonde haar | H28: R
A29: Though he was still young, still a student, he was a year older than she and found her artless sophistications touching. | B29: her artless sophistications | C29: argeloze wijsneuzigheden | D29: CSA | E29: ongekunstelde wereldwijsheden | F29: R | G29: ongekunsteldewereldwijsheid | H29: R
B30: touching | C30: aandoenlijk | D30: CSC | E30: ontroerend | F30: R | G30: ontroerend | H30: R
A31: It was as though the mental processes beneath that hood of silken hair were as sleek, as smoothly disposed, as childishly combed and clean. | B31: that hood of silken hair | C31: die zijden capuchon van blonde haren | D31: CSM | E31: die zijdezachte haardos | F31: CSC | G31: dat kapje van zijdezacht haar | H31: R
B32: as… as … as | C32: even … even … even | D32: CSM | E32: zo … zo … zo | F32: R | G32: zo… zo… zo | H32: R
B33: sleek | C33: sluik | D33: CSM | E33: glad | F33: R | G33: glad | H33: R
B34: smoothly disposed | C34: (even) gladgestreken | D34: CSM | E34: gesoigneerd | F34: CSM | G34: ordelijk geschikt | H34: R
B35: childishly comed and cleaned | C35: (even) kinderlijk gekamd en schoon | D35: R | E35: kinderlijk gekamd en schoon | F35: R | G35: kinderlijk gekamd en schoon | H35: R
B36: childishly comed | C36: (even) kinderlijk gekamd | D36: R | E36: kinderlijk gekamd | F36: R | G36: kinderlijk gekamd | H36: R

Sheet Overview
B2: HT | C2: PE | D2: MT
A3: CSM | B3: =COUNTIF(Sheet1!$D$2:$D$36, "CSM") -> 14 | C3: =COUNTIF(Sheet1!$F$2:$F$36, "CSM") -> 5 | D3: =COUNTIF(Sheet1!$H$2:$H$36, "CSM") -> 1
A4: CSA | B4: =COUNTIF(Sheet1!$D$2:$D$36, "CSA") -> 2 | C4: =COUNTIF(Sheet1!$F$2:$F$36, "CSA") -> 2 | D4: =COUNTIF(Sheet1!$H$2:$H$36, "CSA") -> 1
A5: CSC | B5: =COUNTIF(Sheet1!$D$2:$D$36, "CSC") -> 3 | C5: =COUNTIF(Sheet1!$F$2:$F$36, "CSC") -> 3 | D5: =COUNTIF(Sheet1!$H$2:$H$36, "CSC") -> 0
A6: All CS | B6: =SUM(B3:B5) -> 19 | C6: =SUM(C3:C5) -> 10 | D6: =SUM(D3:D5) -> 2
A7: Reproduction | B7: =COUNTIF(Sheet1!$D$2:$D$36, "R") -> 12 | C7: =COUNTIF(Sheet1!$F$2:$F$36, "R") -> 21 | D7: =COUNTIF(Sheet1!$H$2:$H$36, "R") -> 29
A9: Total | B9: =SUM(B6:B7) -> 31 | C9: =SUM(C6:C7) -> 31 | D9: =SUM(D6:D7) -> 31

Sheet Sheet6
A1: English | C1: HT | D1: Annotations of UCPs | E1: PE | F1: Annotations of UCPs | G1: MT | H1: Annotations of UCPs
A2: Afternoon in Summer
A3: He became aware that Sally had emerged from her book and was about to say something. | B3: had emerged | C3: tevoorschijn was gekomen | D3: R | E3: uit …opkeek | F3: CSC | G3: opgedoken | H3: R
A4: “Murder is an occupational risk for prostitutes.” | B4: murder | C4: Vermoord worden | D4: CSC | E4: Vermoord worden | F4: CSC | G4: moord | H4: R
A5: “Hmm,” said he, clinging to the thread of his calculations. | B5: clinging to the thread | C5: probeerde hij de draad van zijn berekeningen te volgen | D5: CSM | E5: hij probeerde de draad van zijn berekeningen vast te houden | F5: R | G5: vastklampte aan de draad van zijn berekeningen | H5: R
A6: They grew so engrossing that when next she spoke it took him by surprise. | B6: grew … engrossing | C6: zo ingespannen … dat | D6: CSM | E6: namen hem zo in beslag | F6: R | G6: werden zo meeslepend | H6: R
B7: when next | C7: toen ze weer | D7: CSM | E7: toen ze weer | F7: R | G7: haar volgende opmerking | H7: CSM
B8: took him by surprise | C8: hij opschrok | D8: CSM | E8: hij opschrok | F8: CSM | G8: hem overviel | H8: R
A9: “And for wives, too—though not so much.” | B9: not so much | C9: al is het wat minder | D9: CSM | E9: iets minder | F9: R | G9: al wat minder | H9: R
A10: Inwardly assenting, Willie asked, | B10: Inwardly assneting | C10: stilzwijgend moest … beamen | D10: CSM | E10: inwendig gelijkgevend | F10: R | G10: vanbinnen gaf … gelijk | H10: R
A11: “What on earth are you reading now?” | B11: on earth | C11: in hemelsnaam | D11: CSM | E11: nou | F11: CSA | G11: nou | H11: CSA
A12: “A book about all the murders committed in the last thirty years.
A13: I got it from the public library.” | B13: got | C13: Geleend | D13: CSC | E13: heb | F13: R | G13: gehaald | H13: R
B14: public library | C14: bibliotheek | D14: CSM | E14: bibliotheek | F14: CSM | G14: openbare bibliotheek | H14: R
A15: “Is it interesting?”
A16: “Yes. In rather a stark way. | B16: rather | C16: heel | D16: CSM | E16: nogal | F16: R | G16: vrij | H16: R
B17: stark | C17: kaal | D17: R | E17: droge | F17: CSA | G17: kale | H17: R
A18: Just facts and sentences.”
A19: “Sounds enthralling.” | B19: enthralling | C19: betoverend | D19: CSM | E19: boeiend | F19: CSM | G19: meeslepend | H19: R
A20: “But murder is not so much of an occupational risk for murderers.
A21: I mean, they mostly aren’t hanged.
A22: Of course, that’s a good thing.” | B22: Of course, that’s a good thing.” | C22: Wat natuurlijk goed is | D22: R | E22: wat natuurlijk maar goed ook is | F22: CSM | G22: wat natuurlijk maar goed is | H22: R
A23: He looked at Sally’s sleek flaxen hair, now bent over her book again. | B23: sleek flaxen hair | C23: sluike lichtblonde haar | D23: CSA | E23: gladde vlasblonde haar | F23: R | G23: gladde vlasblonde haar | H23: R
A24: Though he was still young, still a student, he was a year older than she and found her artless sophistications touching. | B24: her artless sophistications | C24: argeloze wijsneuzigheden | D24: CSA | E24: ongekunstelde wereldwijsheden | F24: R | G24: ongekunsteldewereldwijsheid | H24: R
B25: touching | C25: aandoenlijk | D25: CSC | E25: ontroerend | F25: R | G25: ontroerend | H25: R
A26: It was as though the mental processes beneath that hood of silken hair were as sleek, as smoothly disposed, as childishly combed and clean. | B26: that hood of silken hair | C26: die zijden capuchon van blonde haren | D26: CSM | E26: die zijdezachte haardos | F26: CSC | G26: dat kapje van zijdezacht haar | H26: R
B27: as… as … as | C27: even … even … even | D27: CSM | E27: zo … zo … zo | F27: R | G27: zo… zo… zo | H27: R
B28: sleek | C28: sluik | D28: CSM | E28: glad | F28: R | G28: glad | H28: R
B29: smoothly disposed | C29: (even) gladgestreken | D29: CSM | E29: gesoigneerd | F29: CSM | G29: ordelijk geschikt | H29: R
B30: childishly comed and cleaned | C30: (even) kinderlijk gekamd en schoon | D30: R | E30: kinderlijk gekamd en schoon | F30: R | G30: kinderlijk gekamd en schoon | H30: R

Sheet CI_new
B1: HT | C1: PE | D1: MT
A2: CSM | B2: =COUNTIF(Sheet6!$D$2:$D$34, "CSM") -> 14 | C2: =COUNTIF(Sheet6!$F$2:$F$34, "CSM") -> 5 | D2: =COUNTIF(Sheet6!$H$2:$H$34, "CSM") -> 1
A3: CSA | B3: =COUNTIF(Sheet6!$D$2:$D$34, "CSA") -> 2 | C3: =COUNTIF(Sheet6!$F$2:$F$34, "CSA") -> 2 | D3: =COUNTIF(Sheet6!$H$2:$H$34, "CSA") -> 1
A4: CSC | B4: =COUNTIF(Sheet6!$D$2:$D$34, "CSC") -> 3 | C4: =COUNTIF(Sheet6!$F$2:$F$34, "CSC") -> 3 | D4: =COUNTIF(Sheet6!$H$2:$H$34, "CSC") -> 0
A5: All CS | B5: =SUM(B2:B4) -> 19 | C5: =SUM(C2:C4) -> 10 | D5: =SUM(D2:D4) -> 2
A6: Reproduction | B6: =COUNTIF(Sheet6!$D$2:$D$34, "R") -> 4 | C6: =COUNTIF(Sheet6!$F$2:$F$34, "R") -> 13 | D6: =COUNTIF(Sheet6!$H$2:$H$34, "R") -> 21
A8: Total | B8: =SUM(B5:B6) -> 23 | C8: =SUM(C5:C6) -> 23 | D8: =SUM(D5:D6) -> 23
A10: #Errors | B10: 4 | C10: 4 | D10: 17
A11: #Errorpoints | B11: 8 | C11: 4 | D11: 109
A12: Kudos | B12: 3 | C12: 2 | D12: 1
A13: #Words | B13: 190 | C13: 190 | D13: 190
A15: CI | B15: =((B5/B8)-((B11-B12)/B13))*100 -> 79.977117 | C15: =((C5/C8)-((C11-C12)/C13))*100 -> 42.425629 | D15: =((D5/D8)-((D11-D12)/D13))*100 -> -48.146453

Sheet Old
B2: HT | C2: PE | D2: MT | G2: Formula: (CS/UCP - ((ErrorPoints-Kudos)/WordsST)*100
A3: CSM | B3: =COUNTIF(Sheet6!$D$2:$D$34, "CSM") -> 14 | C3: =COUNTIF(Sheet6!$F$2:$F$34, "CSM") -> 5 | D3: =COUNTIF(Sheet6!$H$2:$H$34, "CSM") -> 1
A4: CSA | B4: =COUNTIF(Sheet6!$D$2:$D$34, "CSA") -> 2 | C4: =COUNTIF(Sheet6!$F$2:$F$34, "CSA") -> 2 | D4: =COUNTIF(Sheet6!$H$2:$H$34, "CSA") -> 1
A5: CSC | B5: =COUNTIF(Sheet6!$D$2:$D$34, "CSC") -> 3 | C5: =COUNTIF(Sheet6!$F$2:$F$34, "CSC") -> 3 | D5: =COUNTIF(Sheet6!$H$2:$H$34, "CSC") -> 0
A6: All CS | B6: =SUM(B3:B5) -> 19 | C6: =SUM(C3:C5) -> 10 | D6: =SUM(D3:D5) -> 2
A7: Reproduction | B7: =COUNTIF(Sheet6!$D$2:$D$34, "R") -> 4 | C7: =COUNTIF(Sheet6!$F$2:$F$34, "R") -> 13 | D7: =COUNTIF(Sheet6!$H$2:$H$34, "R") -> 21
A9: Total | B9: =SUM(B6:B7) -> 23 | C9: =SUM(C6:C7) -> 23 | D9: =SUM(D6:D7) -> 23
A11: #Errors | B11: 3 | C11: 6 | D11: 20
A12: #Errorpoints | B12: 3 | C12: 6 | D12: 20
A13: Kudos | B13: 2 | C13: 0 | D13: 0
A14: #Words | B14: 190 | C14: 190 | D14: 190
A16: CI | B16: =((B6/B9)-((B12-B13)/B14))*100 -> 82.08238 | C16: =((C6/C9)-((C12-C13)/C14))*100 -> 40.320366 | D16: =((D6/D9)-((D12-D13)/D14))*100 -> -1.8306636
